Data Set, Avg Accuracy, Std. Dev, Optimized Acc, Std. Dev, test Accuracy, Class Number,,,,,Data Set,Training,Test
Alizadeh-2000-v1,0.841667,0.168737,0.691667,0.254739,0.7,2,,,,,Alizadeh-2000-v1,0.691667,0.7
Alizadeh-2000-v1,0.841667,0.168737,0.691667,0.254739,0.7,3,,,,,Alizadeh-2000-v2,0.92,0.983333
Alizadeh-2000-v1,0.841667,0.168737,0.691667,0.254739,0.7,4,,,,,Alizadeh-2000-v3,0.88,0.833333
Alizadeh-2000-v1,0.841667,0.168737,0.691667,0.254739,0.7,5,,,,,Armstrong-2002-v1,0.983333,0.9
Alizadeh-2000-v1,0.841667,0.168737,0.691667,0.254739,0.7,6,,,,,Armstrong-2002-v2,0.93,0.757143
Alizadeh-2000-v1,0.841667,0.168737,0.691667,0.254739,0.7,7,,,,,Bhattacharjee-2001,0.908088,0.825
Alizadeh-2000-v1,0.841667,0.168737,0.691667,0.254739,0.7,8,,,,,Bittner-2000,0.683333,0.671429
Alizadeh-2000-v1,0.841667,0.168737,0.691667,0.254739,0.7,9,,,,,Bredel-2005,0.775,0.78
Alizadeh-2000-v1,0.841667,0.168737,0.691667,0.254739,0.7,10,,,,,Chen-2002,0.929048,0.885714
Alizadeh-2000-v2,0.98,0.063246,0.88,0.252982,0.925,2,,,,,Chowdary-2006,0.963889,0.885
Alizadeh-2000-v2,0.92,0.139841,0.86,0.189737,0.983333,3,,,,,Dyrskjot-2003,0.683333,0.625
Alizadeh-2000-v2,0.94,0.096609,0.92,0.139841,0.983333,4,,,,,Garber-2001,0.756667,0.646154
Alizadeh-2000-v2,0.88,0.193218,0.88,0.252982,0.933333,5,,,,,Golub-1999-v1,0.966667,0.964286
Alizadeh-2000-v2,0.94,0.096609,0.92,0.193218,0.933333,6,,,,,Golub-1999-v2,0.946667,0.992857
Alizadeh-2000-v2,0.88,0.193218,0.88,0.252982,0.933333,7,,,,,Gordon-2002,0.938571,0.933333
Alizadeh-2000-v2,0.94,0.096609,0.92,0.193218,0.933333,8,,,,,Khan-2001_database,0.971429,0.9625
Alizadeh-2000-v2,0.88,0.193218,0.88,0.252982,0.933333,9,,,,,Laiho-2007_database,0.733333,0.671429
Alizadeh-2000-v2,0.94,0.096609,0.92,0.193218,0.933333,10,,,,,Lapointe-2004-v1,0.58,0.630769
Alizadeh-2000-v3,0.82,0.113529,0.84,0.126491,0.85,2,,,,,Lapointe-2004-v2,0.683333,0.627273
Alizadeh-2000-v3,0.88,0.10328,0.88,0.10328,0.833333,3,,,,,Liang-2005,0.833333,0.6
Alizadeh-2000-v3,0.88,0.10328,0.88,0.10328,0.833333,4,,,,,Nutt-2003-v1,0.525,0.64
Alizadeh-2000-v3,0.88,0.10328,0.88,0.10328,0.833333,5,,,,,Nutt-2003-v2,0.9,0.8
Alizadeh-2000-v3,0.88,0.10328,0.88,0.10328,0.833333,6,,,,,Nutt-2003-v3,1,1
Alizadeh-2000-v3,0.88,0.10328,0.88,0.10328,0.833333,7,,,,,Pomeroy-2002-v1,0.45,0.466667
Alizadeh-2000-v3,0.88,0.10328,0.88,0.10328,0.833333,8,,,,,Pomeroy-2002-v2,0.65,0.7
Alizadeh-2000-v3,0.88,0.10328,0.88,0.10328,0.833333,9,,,,,Ramaswamy-2001_database,0.619583,0.668421
Alizadeh-2000-v3,0.88,0.10328,0.88,0.10328,0.833333,10,,,,,Risinger-2003,0.566667,0.375
Armstrong-2002-v1,0.693333,0.191679,0.856667,0.198793,0.857143,2,,,,,Shipp-2002-v1,0.759524,0.753333
Armstrong-2002-v1,0.706667,0.194238,0.823333,0.252909,0.907143,3,,,,,Singh-2002,0.794444,0.77
Armstrong-2002-v1,0.736667,0.204547,0.83,0.13649,0.885714,4,,,,,Su-2001,0.821429,0.797059
Armstrong-2002-v1,0.81,0.20611,0.81,0.190548,0.785714,5,,,,,Tomlins-2006-v1,0.761111,0.82
Armstrong-2002-v1,0.763333,0.224131,0.883333,0.19325,0.864286,6,,,,,Tomlins-2006-v2,0.648214,0.711111
Armstrong-2002-v1,0.823333,0.200031,0.966667,0.105409,0.935714,7,,,,,West-2001,0.75,0.522222
Armstrong-2002-v1,0.76,0.215338,0.826667,0.136807,0.835714,8,,,,,Yeoh-2002-v1,0.894737,0.895918
Armstrong-2002-v1,0.76,0.200493,0.983333,0.052705,0.9,9,,,,,Yeoh-2002-v2,0.674211,0.730612
Armstrong-2002-v1,0.813333,0.165701,0.863333,0.220241,0.842857,10,,,,,,,
Armstrong-2002-v2,0.95,0.112491,0.93,0.120134,0.757143,2,,,,,,,
Armstrong-2002-v2,0.95,0.080508,0.93,0.09088,0.735714,3,,,,,,,
Armstrong-2002-v2,0.95,0.080508,0.93,0.09088,0.735714,4,,,,,,,
Armstrong-2002-v2,0.95,0.080508,0.93,0.09088,0.735714,5,,,,,,,
Armstrong-2002-v2,0.95,0.080508,0.93,0.09088,0.735714,6,,,,,,,
Armstrong-2002-v2,0.95,0.080508,0.93,0.09088,0.735714,7,,,,,,,
Armstrong-2002-v2,0.95,0.080508,0.93,0.09088,0.735714,8,,,,,,,
Armstrong-2002-v2,0.95,0.080508,0.93,0.09088,0.735714,9,,,,,,,
Armstrong-2002-v2,0.95,0.080508,0.93,0.09088,0.735714,10,,,,,,,
Bhattacharjee-2001,0.906985,0.067903,0.906985,0.067903,0.8125,2,,,,,,,
Bhattacharjee-2001,0.908088,0.043431,0.908088,0.043431,0.825,3,,,,,,,
Bhattacharjee-2001,0.908088,0.043431,0.908088,0.043431,0.825,4,,,,,,,
Bhattacharjee-2001,0.908088,0.043431,0.908088,0.043431,0.825,5,,,,,,,
Bhattacharjee-2001,0.908088,0.043431,0.908088,0.043431,0.825,6,,,,,,,
Bhattacharjee-2001,0.908088,0.043431,0.908088,0.043431,0.825,7,,,,,,,
Bhattacharjee-2001,0.908088,0.043431,0.908088,0.043431,0.825,8,,,,,,,
Bhattacharjee-2001,0.908088,0.043431,0.908088,0.043431,0.825,9,,,,,,,
Bhattacharjee-2001,0.908088,0.043431,0.908088,0.043431,0.825,10,,,,,,,
Bittner-2000,0.716667,0.222916,0.658333,0.237171,0.714286,2,,,,,,,
Bittner-2000,0.8,0.172133,0.683333,0.253981,0.671429,3,,,,,,,
Bittner-2000,0.8,0.172133,0.683333,0.253981,0.671429,4,,,,,,,
Bittner-2000,0.8,0.172133,0.683333,0.253981,0.671429,5,,,,,,,
Bittner-2000,0.8,0.172133,0.683333,0.253981,0.671429,6,,,,,,,
Bittner-2000,0.8,0.172133,0.683333,0.253981,0.671429,7,,,,,,,
Bittner-2000,0.8,0.172133,0.683333,0.253981,0.671429,8,,,,,,,
Bittner-2000,0.8,0.172133,0.683333,0.253981,0.671429,9,,,,,,,
Bittner-2000,0.8,0.172133,0.683333,0.253981,0.671429,10,,,,,,,
Bredel-2005,0.425,0.237171,0.775,0.275126,0.78,2,,,,,,,
Bredel-2005,0.425,0.237171,0.775,0.275126,0.78,3,,,,,,,
Bredel-2005,0.425,0.237171,0.775,0.275126,0.78,4,,,,,,,
Bredel-2005,0.425,0.237171,0.775,0.275126,0.78,5,,,,,,,
Bredel-2005,0.425,0.237171,0.775,0.275126,0.78,6,,,,,,,
Bredel-2005,0.425,0.237171,0.775,0.275126,0.78,7,,,,,,,
Bredel-2005,0.425,0.237171,0.775,0.275126,0.78,8,,,,,,,
Bredel-2005,0.425,0.237171,0.775,0.275126,0.78,9,,,,,,,
Bredel-2005,0.425,0.237171,0.775,0.275126,0.78,10,,,,,,,
Chen-2002,0.929048,0.075307,0.929048,0.075307,0.885714,2,,,,,,,
Chen-2002,0.93,0.072359,0.917143,0.061811,0.885714,3,,,,,,,
Chen-2002,0.93,0.072359,0.917143,0.061811,0.885714,4,,,,,,,
Chen-2002,0.93,0.072359,0.917143,0.061811,0.885714,5,,,,,,,
Chen-2002,0.93,0.072359,0.917143,0.061811,0.885714,6,,,,,,,
Chen-2002,0.93,0.072359,0.917143,0.061811,0.885714,7,,,,,,,
Chen-2002,0.93,0.072359,0.917143,0.061811,0.885714,8,,,,,,,
Chen-2002,0.93,0.072359,0.917143,0.061811,0.885714,9,,,,,,,
Chen-2002,0.93,0.072359,0.917143,0.061811,0.885714,10,,,,,,,
Chowdary-2006,0.8,0.156752,0.870833,0.130462,0.875,2,,,,,,,
Chowdary-2006,0.784722,0.157849,0.963889,0.058267,0.885,3,,,,,,,
Chowdary-2006,0.904167,0.125505,0.879167,0.153694,0.92,4,,,,,,,
Chowdary-2006,0.880556,0.079165,0.883333,0.120406,0.895,5,,,,,,,
Chowdary-2006,0.904167,0.125505,0.879167,0.153694,0.92,6,,,,,,,
Chowdary-2006,0.880556,0.079165,0.883333,0.120406,0.895,7,,,,,,,
Chowdary-2006,0.904167,0.125505,0.879167,0.153694,0.92,8,,,,,,,
Chowdary-2006,0.880556,0.079165,0.883333,0.120406,0.895,9,,,,,,,
Chowdary-2006,0.904167,0.125505,0.879167,0.153694,0.92,10,,,,,,,
Dyrskjot-2003,0.75,0.180021,0.683333,0.253981,0.625,2,,,,,,,
Dyrskjot-2003,0.816667,0.224983,0.641667,0.248607,0.4875,3,,,,,,,
Dyrskjot-2003,0.816667,0.224983,0.641667,0.248607,0.4875,4,,,,,,,
Dyrskjot-2003,0.816667,0.224983,0.641667,0.248607,0.4875,5,,,,,,,
Dyrskjot-2003,0.816667,0.224983,0.641667,0.248607,0.4875,6,,,,,,,
Dyrskjot-2003,0.816667,0.224983,0.641667,0.248607,0.4875,7,,,,,,,
Dyrskjot-2003,0.816667,0.224983,0.641667,0.248607,0.4875,8,,,,,,,
Dyrskjot-2003,0.816667,0.224983,0.641667,0.248607,0.4875,9,,,,,,,
Dyrskjot-2003,0.816667,0.224983,0.641667,0.248607,0.4875,10,,,,,,,
Garber-2001,0.676667,0.096928,0.756667,0.146608,0.646154,2,,,,,,,
Garber-2001,0.563333,0.097436,0.753333,0.162693,0.738462,3,,,,,,,
Garber-2001,0.626667,0.215338,0.666667,0.20548,0.638462,4,,,,,,,
Garber-2001,0.633333,0.157135,0.73,0.174589,0.638462,5,,,,,,,
Garber-2001,0.626667,0.215338,0.666667,0.20548,0.638462,6,,,,,,,
Garber-2001,0.633333,0.157135,0.73,0.174589,0.638462,7,,,,,,,
Garber-2001,0.626667,0.215338,0.666667,0.20548,0.638462,8,,,,,,,
Garber-2001,0.633333,0.157135,0.73,0.174589,0.638462,9,,,,,,,
Garber-2001,0.626667,0.215338,0.666667,0.20548,0.638462,10,,,,,,,
Golub-1999-v1,0.926667,0.095323,0.916667,0.141639,0.9,2,,,,,,,
Golub-1999-v1,0.916667,0.117851,0.846667,0.184056,0.928571,3,,,,,,,
Golub-1999-v1,0.95,0.112491,0.9,0.140546,0.907143,4,,,,,,,
Golub-1999-v1,0.916667,0.117851,0.883333,0.176558,0.935714,5,,,,,,,
Golub-1999-v1,0.933333,0.116534,0.866667,0.131468,0.957143,6,,,,,,,
Golub-1999-v1,0.88,0.114612,0.933333,0.086066,0.964286,7,,,,,,,
Golub-1999-v1,0.883333,0.137212,0.966667,0.070273,0.964286,8,,,,,,,
Golub-1999-v1,0.883333,0.137212,0.966667,0.070273,0.964286,9,,,,,,,
Golub-1999-v1,0.883333,0.137212,0.966667,0.070273,0.964286,10,,,,,,,
Golub-1999-v2,0.95,0.080508,0.933333,0.116534,0.992857,2,,,,,,,
Golub-1999-v2,0.926667,0.095323,0.946667,0.086353,0.985714,3,,,,,,,
Golub-1999-v2,0.946667,0.086353,0.946667,0.086353,0.992857,4,,,,,,,
Golub-1999-v2,0.966667,0.070273,0.933333,0.086066,0.992857,5,,,,,,,
Golub-1999-v2,0.946667,0.086353,0.946667,0.086353,0.992857,6,,,,,,,
Golub-1999-v2,0.966667,0.070273,0.933333,0.086066,0.992857,7,,,,,,,
Golub-1999-v2,0.946667,0.086353,0.946667,0.086353,0.992857,8,,,,,,,
Golub-1999-v2,0.966667,0.070273,0.933333,0.086066,0.992857,9,,,,,,,
Golub-1999-v2,0.946667,0.086353,0.946667,0.086353,0.992857,10,,,,,,,
Gordon-2002,0.828571,0.030117,0.938571,0.074534,0.933333,2,,,,,,,
Gordon-2002,0.828571,0.030117,0.917143,0.062982,0.944444,3,,,,,,,
Gordon-2002,0.828571,0.030117,0.917143,0.062982,0.944444,4,,,,,,,
Gordon-2002,0.828571,0.030117,0.917143,0.062982,0.944444,5,,,,,,,
Gordon-2002,0.828571,0.030117,0.917143,0.062982,0.944444,6,,,,,,,
Gordon-2002,0.828571,0.030117,0.917143,0.062982,0.944444,7,,,,,,,
Gordon-2002,0.828571,0.030117,0.917143,0.062982,0.944444,8,,,,,,,
Gordon-2002,0.828571,0.030117,0.917143,0.062982,0.944444,9,,,,,,,
Gordon-2002,0.828571,0.030117,0.917143,0.062982,0.944444,10,,,,,,,
Khan-2001_database,0.985714,0.045175,0.971429,0.060234,0.9625,2,,,,,,,
Khan-2001_database,0.971429,0.060234,0.971429,0.060234,0.95625,3,,,,,,,
Khan-2001_database,0.971429,0.060234,0.971429,0.060234,0.95625,4,,,,,,,
Khan-2001_database,0.971429,0.060234,0.971429,0.060234,0.95625,5,,,,,,,
Khan-2001_database,0.971429,0.060234,0.971429,0.060234,0.95625,6,,,,,,,
Khan-2001_database,0.971429,0.060234,0.971429,0.060234,0.95625,7,,,,,,,
Khan-2001_database,0.971429,0.060234,0.971429,0.060234,0.95625,8,,,,,,,
Khan-2001_database,0.971429,0.060234,0.971429,0.060234,0.95625,9,,,,,,,
Khan-2001_database,0.971429,0.060234,0.971429,0.060234,0.95625,10,,,,,,,
Laiho-2007_database,0.2,0.172133,0.733333,0.210819,0.671429,2,,,,,,,
Laiho-2007_database,0.2,0.172133,0.666667,0.272166,0.614286,3,,,,,,,
Laiho-2007_database,0.2,0.172133,0.666667,0.272166,0.614286,4,,,,,,,
Laiho-2007_database,0.2,0.172133,0.666667,0.272166,0.614286,5,,,,,,,
Laiho-2007_database,0.2,0.172133,0.666667,0.272166,0.614286,6,,,,,,,
Laiho-2007_database,0.2,0.172133,0.666667,0.272166,0.614286,7,,,,,,,
Laiho-2007_database,0.2,0.172133,0.666667,0.272166,0.614286,8,,,,,,,
Laiho-2007_database,0.2,0.172133,0.666667,0.272166,0.614286,9,,,,,,,
Laiho-2007_database,0.2,0.172133,0.666667,0.272166,0.614286,10,,,,,,,
Lapointe-2004-v1,0.58,0.122927,0.58,0.122927,0.630769,2,,,,,,,
Lapointe-2004-v1,0.58,0.122927,0.576667,0.137032,0.661538,3,,,,,,,
Lapointe-2004-v1,0.58,0.122927,0.576667,0.137032,0.661538,4,,,,,,,
Lapointe-2004-v1,0.58,0.122927,0.576667,0.137032,0.661538,5,,,,,,,
Lapointe-2004-v1,0.58,0.122927,0.576667,0.137032,0.661538,6,,,,,,,
Lapointe-2004-v1,0.58,0.122927,0.576667,0.137032,0.661538,7,,,,,,,
Lapointe-2004-v1,0.58,0.122927,0.576667,0.137032,0.661538,8,,,,,,,
Lapointe-2004-v1,0.58,0.122927,0.576667,0.137032,0.661538,9,,,,,,,
Lapointe-2004-v1,0.58,0.122927,0.576667,0.137032,0.661538,10,,,,,,,
Lapointe-2004-v2,0.651389,0.13803,0.6625,0.161713,0.654545,2,,,,,,,
Lapointe-2004-v2,0.627778,0.122278,0.638889,0.120014,0.636364,3,,,,,,,
Lapointe-2004-v2,0.683333,0.122278,0.683333,0.133024,0.627273,4,,,,,,,
Lapointe-2004-v2,0.706944,0.137407,0.672222,0.105409,0.659091,5,,,,,,,
Lapointe-2004-v2,0.627778,0.122278,0.638889,0.120014,0.636364,6,,,,,,,
Lapointe-2004-v2,0.683333,0.122278,0.683333,0.133024,0.627273,7,,,,,,,
Lapointe-2004-v2,0.706944,0.137407,0.672222,0.105409,0.659091,8,,,,,,,
Lapointe-2004-v2,0.627778,0.122278,0.638889,0.120014,0.636364,9,,,,,,,
Lapointe-2004-v2,0.683333,0.122278,0.683333,0.133024,0.627273,10,,,,,,,
Liang-2005,0.166667,0.175682,0.833333,0.175682,0.6,2,,,,,,,
Liang-2005,0.166667,0.175682,0.833333,0.175682,0.6,3,,,,,,,
Liang-2005,0.166667,0.175682,0.833333,0.175682,0.6,4,,,,,,,
Liang-2005,0.166667,0.175682,0.833333,0.175682,0.6,5,,,,,,,
Liang-2005,0.166667,0.175682,0.833333,0.175682,0.6,6,,,,,,,
Liang-2005,0.166667,0.175682,0.833333,0.175682,0.6,7,,,,,,,
Liang-2005,0.166667,0.175682,0.833333,0.175682,0.6,8,,,,,,,
Liang-2005,0.166667,0.175682,0.833333,0.175682,0.6,9,,,,,,,
Liang-2005,0.166667,0.175682,0.833333,0.175682,0.6,10,,,,,,,
Nutt-2003-v1,0.525,0.275126,0.425,0.205818,0.64,2,,,,,,,
Nutt-2003-v1,0.45,0.158114,0.525,0.184466,0.64,3,,,,,,,
Nutt-2003-v1,0.45,0.158114,0.525,0.184466,0.64,4,,,,,,,
Nutt-2003-v1,0.45,0.158114,0.525,0.184466,0.64,5,,,,,,,
Nutt-2003-v1,0.45,0.158114,0.525,0.184466,0.64,6,,,,,,,
Nutt-2003-v1,0.45,0.158114,0.525,0.184466,0.64,7,,,,,,,
Nutt-2003-v1,0.45,0.158114,0.525,0.184466,0.64,8,,,,,,,
Nutt-2003-v1,0.45,0.158114,0.525,0.184466,0.64,9,,,,,,,
Nutt-2003-v1,0.45,0.158114,0.525,0.184466,0.64,10,,,,,,,
Nutt-2003-v2,0.783333,0.283823,0.883333,0.249072,0.76,2,,,,,,,
Nutt-2003-v2,0.8,0.258199,0.9,0.210819,0.8,3,,,,,,,
Nutt-2003-v2,0.8,0.258199,0.9,0.210819,0.8,4,,,,,,,
Nutt-2003-v2,0.8,0.258199,0.9,0.210819,0.8,5,,,,,,,
Nutt-2003-v2,0.8,0.258199,0.9,0.210819,0.8,6,,,,,,,
Nutt-2003-v2,0.8,0.258199,0.9,0.210819,0.8,7,,,,,,,
Nutt-2003-v2,0.8,0.258199,0.9,0.210819,0.8,8,,,,,,,
Nutt-2003-v2,0.8,0.258199,0.9,0.210819,0.8,9,,,,,,,
Nutt-2003-v2,0.8,0.258199,0.9,0.210819,0.8,10,,,,,,,
Nutt-2003-v3,0.95,0.158114,1,0,1,2,,,,,,,
Nutt-2003-v3,0.9,0.210819,0.95,0.158114,1,3,,,,,,,
Nutt-2003-v3,0.9,0.210819,0.95,0.158114,1,4,,,,,,,
Nutt-2003-v3,0.9,0.210819,0.95,0.158114,1,5,,,,,,,
Nutt-2003-v3,0.9,0.210819,0.95,0.158114,1,6,,,,,,,
Nutt-2003-v3,0.9,0.210819,0.95,0.158114,1,7,,,,,,,
Nutt-2003-v3,0.9,0.210819,0.95,0.158114,1,8,,,,,,,
Nutt-2003-v3,0.9,0.210819,0.95,0.158114,1,9,,,,,,,
Nutt-2003-v3,0.9,0.210819,0.95,0.158114,1,10,,,,,,,
Pomeroy-2002-v1,0.266667,0.140546,0.45,0.222916,0.416667,2,,,,,,,
Pomeroy-2002-v1,0.266667,0.140546,0.4,0.344265,0.466667,3,,,,,,,
Pomeroy-2002-v1,0.266667,0.140546,0.4,0.344265,0.466667,4,,,,,,,
Pomeroy-2002-v1,0.266667,0.140546,0.4,0.344265,0.466667,5,,,,,,,
Pomeroy-2002-v1,0.266667,0.140546,0.4,0.344265,0.466667,6,,,,,,,
Pomeroy-2002-v1,0.266667,0.140546,0.4,0.344265,0.466667,7,,,,,,,
Pomeroy-2002-v1,0.266667,0.140546,0.4,0.344265,0.466667,8,,,,,,,
Pomeroy-2002-v1,0.266667,0.140546,0.4,0.344265,0.466667,9,,,,,,,
Pomeroy-2002-v1,0.266667,0.140546,0.4,0.344265,0.466667,10,,,,,,,
Pomeroy-2002-v2,0.675,0.233895,0.65,0.238307,0.7,2,,,,,,,
Pomeroy-2002-v2,0.65,0.244697,0.625,0.21606,0.7,3,,,,,,,
Pomeroy-2002-v2,0.65,0.244697,0.625,0.21606,0.7,4,,,,,,,
Pomeroy-2002-v2,0.65,0.244697,0.625,0.21606,0.7,5,,,,,,,
Pomeroy-2002-v2,0.65,0.244697,0.625,0.21606,0.7,6,,,,,,,
Pomeroy-2002-v2,0.65,0.244697,0.625,0.21606,0.7,7,,,,,,,
Pomeroy-2002-v2,0.65,0.244697,0.625,0.21606,0.7,8,,,,,,,
Pomeroy-2002-v2,0.65,0.244697,0.625,0.21606,0.7,9,,,,,,,
Pomeroy-2002-v2,0.65,0.244697,0.625,0.21606,0.7,10,,,,,,,
Ramaswamy-2001_database,0.565,0.090421,0.55875,0.070777,0.657895,2,,,,,,,
Ramaswamy-2001_database,0.612917,0.127149,0.619583,0.131938,0.668421,3,,,,,,,
Ramaswamy-2001_database,0.612917,0.127149,0.619583,0.131938,0.668421,4,,,,,,,
Ramaswamy-2001_database,0.612917,0.127149,0.619583,0.131938,0.668421,5,,,,,,,
Ramaswamy-2001_database,0.612917,0.127149,0.619583,0.131938,0.668421,6,,,,,,,
Ramaswamy-2001_database,0.612917,0.127149,0.619583,0.131938,0.668421,7,,,,,,,
Ramaswamy-2001_database,0.612917,0.127149,0.619583,0.131938,0.668421,8,,,,,,,
Ramaswamy-2001_database,0.612917,0.127149,0.619583,0.131938,0.668421,9,,,,,,,
Ramaswamy-2001_database,0.612917,0.127149,0.619583,0.131938,0.668421,10,,,,,,,
Risinger-2003,0.566667,0.277222,0.566667,0.277222,0.375,2,,,,,,,
Risinger-2003,0.541667,0.19345,0.541667,0.249227,0.325,3,,,,,,,
Risinger-2003,0.541667,0.19345,0.541667,0.249227,0.325,4,,,,,,,
Risinger-2003,0.541667,0.19345,0.541667,0.249227,0.325,5,,,,,,,
Risinger-2003,0.541667,0.19345,0.541667,0.249227,0.325,6,,,,,,,
Risinger-2003,0.541667,0.19345,0.541667,0.249227,0.325,7,,,,,,,
Risinger-2003,0.541667,0.19345,0.541667,0.249227,0.325,8,,,,,,,
Risinger-2003,0.541667,0.19345,0.541667,0.249227,0.325,9,,,,,,,
Risinger-2003,0.541667,0.19345,0.541667,0.249227,0.325,10,,,,,,,
Shipp-2002-v1,0.759524,0.079721,0.759524,0.079721,0.753333,2,,,,,,,
Shipp-2002-v1,0.759524,0.079721,0.759524,0.079721,0.753333,3,,,,,,,
Shipp-2002-v1,0.759524,0.079721,0.759524,0.079721,0.753333,4,,,,,,,
Shipp-2002-v1,0.759524,0.079721,0.759524,0.079721,0.753333,5,,,,,,,
Shipp-2002-v1,0.759524,0.079721,0.759524,0.079721,0.753333,6,,,,,,,
Shipp-2002-v1,0.759524,0.079721,0.759524,0.079721,0.753333,7,,,,,,,
Shipp-2002-v1,0.759524,0.079721,0.759524,0.079721,0.753333,8,,,,,,,
Shipp-2002-v1,0.759524,0.079721,0.759524,0.079721,0.753333,9,,,,,,,
Shipp-2002-v1,0.759524,0.079721,0.759524,0.079721,0.753333,10,,,,,,,
Singh-2002,0.772222,0.165142,0.794444,0.126585,0.77,2,,,,,,,
Singh-2002,0.795833,0.180976,0.783333,0.165402,0.755,3,,,,,,,
Singh-2002,0.795833,0.180976,0.783333,0.165402,0.755,4,,,,,,,
Singh-2002,0.795833,0.180976,0.783333,0.165402,0.755,5,,,,,,,
Singh-2002,0.795833,0.180976,0.783333,0.165402,0.755,6,,,,,,,
Singh-2002,0.795833,0.180976,0.783333,0.165402,0.755,7,,,,,,,
Singh-2002,0.795833,0.180976,0.783333,0.165402,0.755,8,,,,,,,
Singh-2002,0.795833,0.180976,0.783333,0.165402,0.755,9,,,,,,,
Singh-2002,0.795833,0.180976,0.783333,0.165402,0.755,10,,,,,,,
Su-2001,0.821429,0.060703,0.821429,0.060703,0.797059,2,,,,,,,
Su-2001,0.785714,0.082479,0.814286,0.060234,0.782353,3,,,,,,,
Su-2001,0.814286,0.076783,0.821429,0.077152,0.8,4,,,,,,,
Su-2001,0.785714,0.082479,0.814286,0.060234,0.782353,5,,,,,,,
Su-2001,0.814286,0.076783,0.821429,0.077152,0.8,6,,,,,,,
Su-2001,0.785714,0.082479,0.814286,0.060234,0.782353,7,,,,,,,
Su-2001,0.814286,0.076783,0.821429,0.077152,0.8,8,,,,,,,
Su-2001,0.785714,0.082479,0.814286,0.060234,0.782353,9,,,,,,,
Su-2001,0.814286,0.076783,0.821429,0.077152,0.8,10,,,,,,,
Tomlins-2006-v1,0.775,0.132378,0.761111,0.18248,0.82,2,,,,,,,
Tomlins-2006-v1,0.738889,0.144753,0.718056,0.173107,0.79,3,,,,,,,
Tomlins-2006-v1,0.738889,0.144753,0.718056,0.173107,0.79,4,,,,,,,
Tomlins-2006-v1,0.738889,0.144753,0.718056,0.173107,0.79,5,,,,,,,
Tomlins-2006-v1,0.738889,0.144753,0.718056,0.173107,0.79,6,,,,,,,
Tomlins-2006-v1,0.738889,0.144753,0.718056,0.173107,0.79,7,,,,,,,
Tomlins-2006-v1,0.738889,0.144753,0.718056,0.173107,0.79,8,,,,,,,
Tomlins-2006-v1,0.738889,0.144753,0.718056,0.173107,0.79,9,,,,,,,
Tomlins-2006-v1,0.738889,0.144753,0.718056,0.173107,0.79,10,,,,,,,
Tomlins-2006-v2,0.592857,0.129538,0.566071,0.108474,0.727778,2,,,,,,,
Tomlins-2006-v2,0.635714,0.107209,0.648214,0.152234,0.711111,3,,,,,,,
Tomlins-2006-v2,0.635714,0.107209,0.648214,0.152234,0.711111,4,,,,,,,
Tomlins-2006-v2,0.635714,0.107209,0.648214,0.152234,0.711111,5,,,,,,,
Tomlins-2006-v2,0.635714,0.107209,0.648214,0.152234,0.711111,6,,,,,,,
Tomlins-2006-v2,0.635714,0.107209,0.648214,0.152234,0.711111,7,,,,,,,
Tomlins-2006-v2,0.635714,0.107209,0.648214,0.152234,0.711111,8,,,,,,,
Tomlins-2006-v2,0.635714,0.107209,0.648214,0.152234,0.711111,9,,,,,,,
Tomlins-2006-v2,0.635714,0.107209,0.648214,0.152234,0.711111,10,,,,,,,
West-2001,0.825,0.168737,0.75,0.235702,0.522222,2,,,,,,,
West-2001,0.875,0.176777,0.725,0.218899,0.611111,3,,,,,,,
West-2001,0.825,0.168737,0.725,0.141912,0.511111,4,,,,,,,
West-2001,0.825,0.168737,0.725,0.141912,0.511111,5,,,,,,,
West-2001,0.825,0.168737,0.725,0.141912,0.511111,6,,,,,,,
West-2001,0.825,0.168737,0.725,0.141912,0.511111,7,,,,,,,
West-2001,0.825,0.168737,0.725,0.141912,0.511111,8,,,,,,,
West-2001,0.825,0.168737,0.725,0.141912,0.511111,9,,,,,,,
West-2001,0.825,0.168737,0.725,0.141912,0.511111,10,,,,,,,
Yeoh-2002-v1,0.834211,0.047222,0.879474,0.053556,0.885714,2,,,,,,,
Yeoh-2002-v1,0.844211,0.05984,0.894737,0.068286,0.895918,3,,,,,,,
Yeoh-2002-v1,0.824211,0.025628,0.859211,0.056974,0.869388,4,,,,,,,
Yeoh-2002-v1,0.824211,0.025628,0.889211,0.052374,0.883673,5,,,,,,,
Yeoh-2002-v1,0.824211,0.025628,0.869211,0.075551,0.881633,6,,,,,,,
Yeoh-2002-v1,0.859211,0.077613,0.899211,0.075163,0.879592,7,,,,,,,
Yeoh-2002-v1,0.839211,0.061372,0.879474,0.088703,0.877551,8,,,,,,,
Yeoh-2002-v1,0.834211,0.047222,0.859737,0.077124,0.861224,9,,,,,,,
Yeoh-2002-v1,0.834211,0.047222,0.794474,0.215037,0.804082,10,,,,,,,
Yeoh-2002-v2,0.632632,0.145213,0.652632,0.155538,0.74898,2,,,,,,,
Yeoh-2002-v2,0.679211,0.08716,0.674211,0.084026,0.730612,3,,,,,,,
Yeoh-2002-v2,0.679211,0.08716,0.674211,0.084026,0.730612,4,,,,,,,
Yeoh-2002-v2,0.679211,0.08716,0.674211,0.084026,0.730612,5,,,,,,,
Yeoh-2002-v2,0.679211,0.08716,0.674211,0.084026,0.730612,6,,,,,,,
Yeoh-2002-v2,0.679211,0.08716,0.674211,0.084026,0.730612,7,,,,,,,
Yeoh-2002-v2,0.679211,0.08716,0.674211,0.084026,0.730612,8,,,,,,,
Yeoh-2002-v2,0.679211,0.08716,0.674211,0.084026,0.730612,9,,,,,,,
Yeoh-2002-v2,0.679211,0.08716,0.674211,0.084026,0.730612,10,,,,,,,
