Data Set, Avg Accuracy, Std. Dev, Optimized Acc, Std. Dev, test Accuracy, Class Number
Alizadeh-2000-v1, 0.841667, 0.168737, 0.691667, 0.254739, 0.700000, 2.000000
Bittner-2000, 0.716667, 0.222916, 0.658333, 0.237171, 0.714286, 2.000000
Bredel-2005, 0.425000, 0.237171, 0.775000, 0.275126, 0.780000, 2.000000
Alizadeh-2000-v3, 0.820000, 0.113529, 0.840000, 0.126491, 0.850000, 2.000000
Armstrong-2002-v1, 0.693333, 0.191679, 0.856667, 0.198793, 0.857143, 2.000000
Alizadeh-2000-v1, 0.841667, 0.168737, 0.691667, 0.254739, 0.700000, 3.000000
Bittner-2000, 0.800000, 0.172133, 0.683333, 0.253981, 0.671429, 3.000000
Alizadeh-2000-v2, 0.980000, 0.063246, 0.880000, 0.252982, 0.925000, 2.000000
Armstrong-2002-v2, 0.950000, 0.112491, 0.930000, 0.120134, 0.757143, 2.000000
Bredel-2005, 0.425000, 0.237171, 0.775000, 0.275126, 0.780000, 3.000000
Alizadeh-2000-v1, 0.841667, 0.168737, 0.691667, 0.254739, 0.700000, 4.000000
Bittner-2000, 0.800000, 0.172133, 0.683333, 0.253981, 0.671429, 4.000000
Alizadeh-2000-v3, 0.880000, 0.103280, 0.880000, 0.103280, 0.833333, 3.000000
Armstrong-2002-v1, 0.706667, 0.194238, 0.823333, 0.252909, 0.907143, 3.000000
Alizadeh-2000-v1, 0.841667, 0.168737, 0.691667, 0.254739, 0.700000, 5.000000
Bittner-2000, 0.800000, 0.172133, 0.683333, 0.253981, 0.671429, 5.000000
Alizadeh-2000-v2, 0.920000, 0.139841, 0.860000, 0.189737, 0.983333, 3.000000
Bredel-2005, 0.425000, 0.237171, 0.775000, 0.275126, 0.780000, 4.000000
Armstrong-2002-v2, 0.950000, 0.080508, 0.930000, 0.090880, 0.735714, 3.000000
Alizadeh-2000-v1, 0.841667, 0.168737, 0.691667, 0.254739, 0.700000, 6.000000
Alizadeh-2000-v3, 0.880000, 0.103280, 0.880000, 0.103280, 0.833333, 4.000000
Bittner-2000, 0.800000, 0.172133, 0.683333, 0.253981, 0.671429, 6.000000
Bhattacharjee-2001, 0.906985, 0.067903, 0.906985, 0.067903, 0.812500, 2.000000
Armstrong-2002-v1, 0.736667, 0.204547, 0.830000, 0.136490, 0.885714, 4.000000
Bredel-2005, 0.425000, 0.237171, 0.775000, 0.275126, 0.780000, 5.000000
Alizadeh-2000-v1, 0.841667, 0.168737, 0.691667, 0.254739, 0.700000, 7.000000
Bittner-2000, 0.800000, 0.172133, 0.683333, 0.253981, 0.671429, 7.000000
Alizadeh-2000-v2, 0.940000, 0.096609, 0.920000, 0.139841, 0.983333, 4.000000
Alizadeh-2000-v3, 0.880000, 0.103280, 0.880000, 0.103280, 0.833333, 5.000000
Alizadeh-2000-v1, 0.841667, 0.168737, 0.691667, 0.254739, 0.700000, 8.000000
Armstrong-2002-v2, 0.950000, 0.080508, 0.930000, 0.090880, 0.735714, 4.000000
Bittner-2000, 0.800000, 0.172133, 0.683333, 0.253981, 0.671429, 8.000000
Bredel-2005, 0.425000, 0.237171, 0.775000, 0.275126, 0.780000, 6.000000
Armstrong-2002-v1, 0.810000, 0.206110, 0.810000, 0.190548, 0.785714, 5.000000
Alizadeh-2000-v1, 0.841667, 0.168737, 0.691667, 0.254739, 0.700000, 9.000000
Bittner-2000, 0.800000, 0.172133, 0.683333, 0.253981, 0.671429, 9.000000
Alizadeh-2000-v3, 0.880000, 0.103280, 0.880000, 0.103280, 0.833333, 6.000000
Alizadeh-2000-v2, 0.880000, 0.193218, 0.880000, 0.252982, 0.933333, 5.000000
Bredel-2005, 0.425000, 0.237171, 0.775000, 0.275126, 0.780000, 7.000000
Armstrong-2002-v1, 0.763333, 0.224131, 0.883333, 0.193250, 0.864286, 6.000000
Alizadeh-2000-v1, 0.841667, 0.168737, 0.691667, 0.254739, 0.700000, 10.000000
Bittner-2000, 0.800000, 0.172133, 0.683333, 0.253981, 0.671429, 10.000000
Armstrong-2002-v2, 0.950000, 0.080508, 0.930000, 0.090880, 0.735714, 5.000000
Nutt-2003-v2, 0.783333, 0.283823, 0.883333, 0.249072, 0.760000, 2.000000
Alizadeh-2000-v3, 0.880000, 0.103280, 0.880000, 0.103280, 0.833333, 7.000000
Chowdary-2006, 0.800000, 0.156752, 0.870833, 0.130462, 0.875000, 2.000000
Bredel-2005, 0.425000, 0.237171, 0.775000, 0.275126, 0.780000, 8.000000
Nutt-2003-v2, 0.800000, 0.258199, 0.900000, 0.210819, 0.800000, 3.000000
Alizadeh-2000-v2, 0.940000, 0.096609, 0.920000, 0.193218, 0.933333, 6.000000
Bhattacharjee-2001, 0.908088, 0.043431, 0.908088, 0.043431, 0.825000, 3.000000
Armstrong-2002-v1, 0.823333, 0.200031, 0.966667, 0.105409, 0.935714, 7.000000
Nutt-2003-v2, 0.800000, 0.258199, 0.900000, 0.210819, 0.800000, 4.000000
Chowdary-2006, 0.784722, 0.157849, 0.963889, 0.058267, 0.885000, 3.000000
Alizadeh-2000-v3, 0.880000, 0.103280, 0.880000, 0.103280, 0.833333, 8.000000
Bredel-2005, 0.425000, 0.237171, 0.775000, 0.275126, 0.780000, 9.000000
Nutt-2003-v2, 0.800000, 0.258199, 0.900000, 0.210819, 0.800000, 5.000000
Armstrong-2002-v2, 0.950000, 0.080508, 0.930000, 0.090880, 0.735714, 6.000000
Nutt-2003-v2, 0.800000, 0.258199, 0.900000, 0.210819, 0.800000, 6.000000
Chowdary-2006, 0.904167, 0.125505, 0.879167, 0.153694, 0.920000, 4.000000
Alizadeh-2000-v2, 0.880000, 0.193218, 0.880000, 0.252982, 0.933333, 7.000000
Armstrong-2002-v1, 0.760000, 0.215338, 0.826667, 0.136807, 0.835714, 8.000000
Nutt-2003-v2, 0.800000, 0.258199, 0.900000, 0.210819, 0.800000, 7.000000
Bredel-2005, 0.425000, 0.237171, 0.775000, 0.275126, 0.780000, 10.000000
Alizadeh-2000-v3, 0.880000, 0.103280, 0.880000, 0.103280, 0.833333, 9.000000
Chowdary-2006, 0.880556, 0.079165, 0.883333, 0.120406, 0.895000, 5.000000
Nutt-2003-v2, 0.800000, 0.258199, 0.900000, 0.210819, 0.800000, 8.000000
Pomeroy-2002-v1, 0.266667, 0.140546, 0.450000, 0.222916, 0.416667, 2.000000
Nutt-2003-v2, 0.800000, 0.258199, 0.900000, 0.210819, 0.800000, 9.000000
Armstrong-2002-v2, 0.950000, 0.080508, 0.930000, 0.090880, 0.735714, 7.000000
Chowdary-2006, 0.904167, 0.125505, 0.879167, 0.153694, 0.920000, 6.000000
Armstrong-2002-v1, 0.760000, 0.200493, 0.983333, 0.052705, 0.900000, 9.000000
Nutt-2003-v2, 0.800000, 0.258199, 0.900000, 0.210819, 0.800000, 10.000000
Alizadeh-2000-v2, 0.940000, 0.096609, 0.920000, 0.193218, 0.933333, 8.000000
Pomeroy-2002-v1, 0.266667, 0.140546, 0.400000, 0.344265, 0.466667, 3.000000
Alizadeh-2000-v3, 0.880000, 0.103280, 0.880000, 0.103280, 0.833333, 10.000000
Chowdary-2006, 0.880556, 0.079165, 0.883333, 0.120406, 0.895000, 7.000000
Pomeroy-2002-v1, 0.266667, 0.140546, 0.400000, 0.344265, 0.466667, 4.000000
Nutt-2003-v1, 0.525000, 0.275126, 0.425000, 0.205818, 0.640000, 2.000000
Bhattacharjee-2001, 0.908088, 0.043431, 0.908088, 0.043431, 0.825000, 4.000000
Armstrong-2002-v1, 0.813333, 0.165701, 0.863333, 0.220241, 0.842857, 10.000000
Armstrong-2002-v2, 0.950000, 0.080508, 0.930000, 0.090880, 0.735714, 8.000000
Chowdary-2006, 0.904167, 0.125505, 0.879167, 0.153694, 0.920000, 8.000000
Pomeroy-2002-v1, 0.266667, 0.140546, 0.400000, 0.344265, 0.466667, 5.000000
Nutt-2003-v1, 0.450000, 0.158114, 0.525000, 0.184466, 0.640000, 3.000000
Alizadeh-2000-v2, 0.880000, 0.193218, 0.880000, 0.252982, 0.933333, 9.000000
Golub-1999-v2, 0.950000, 0.080508, 0.933333, 0.116534, 0.992857, 2.000000
Pomeroy-2002-v1, 0.266667, 0.140546, 0.400000, 0.344265, 0.466667, 6.000000
Chowdary-2006, 0.880556, 0.079165, 0.883333, 0.120406, 0.895000, 9.000000
Nutt-2003-v1, 0.450000, 0.158114, 0.525000, 0.184466, 0.640000, 4.000000
Pomeroy-2002-v1, 0.266667, 0.140546, 0.400000, 0.344265, 0.466667, 7.000000
Khan-2001_database, 0.985714, 0.045175, 0.971429, 0.060234, 0.962500, 2.000000
Chowdary-2006, 0.904167, 0.125505, 0.879167, 0.153694, 0.920000, 10.000000
Armstrong-2002-v2, 0.950000, 0.080508, 0.930000, 0.090880, 0.735714, 9.000000
Nutt-2003-v1, 0.450000, 0.158114, 0.525000, 0.184466, 0.640000, 5.000000
Alizadeh-2000-v2, 0.940000, 0.096609, 0.920000, 0.193218, 0.933333, 10.000000
Pomeroy-2002-v1, 0.266667, 0.140546, 0.400000, 0.344265, 0.466667, 8.000000
Chen-2002, 0.929048, 0.075307, 0.929048, 0.075307, 0.885714, 2.000000
Golub-1999-v2, 0.926667, 0.095323, 0.946667, 0.086353, 0.985714, 3.000000
Pomeroy-2002-v1, 0.266667, 0.140546, 0.400000, 0.344265, 0.466667, 9.000000
Nutt-2003-v1, 0.450000, 0.158114, 0.525000, 0.184466, 0.640000, 6.000000
Chen-2002, 0.930000, 0.072359, 0.917143, 0.061811, 0.885714, 3.000000
Khan-2001_database, 0.971429, 0.060234, 0.971429, 0.060234, 0.956250, 3.000000
Pomeroy-2002-v1, 0.266667, 0.140546, 0.400000, 0.344265, 0.466667, 10.000000
Nutt-2003-v1, 0.450000, 0.158114, 0.525000, 0.184466, 0.640000, 7.000000
Armstrong-2002-v2, 0.950000, 0.080508, 0.930000, 0.090880, 0.735714, 10.000000
Chen-2002, 0.930000, 0.072359, 0.917143, 0.061811, 0.885714, 4.000000
Nutt-2003-v3, 0.950000, 0.158114, 1.000000, 0.000000, 1.000000, 2.000000
Bhattacharjee-2001, 0.908088, 0.043431, 0.908088, 0.043431, 0.825000, 5.000000
Nutt-2003-v3, 0.900000, 0.210819, 0.950000, 0.158114, 1.000000, 3.000000
Golub-1999-v2, 0.946667, 0.086353, 0.946667, 0.086353, 0.992857, 4.000000
Chen-2002, 0.930000, 0.072359, 0.917143, 0.061811, 0.885714, 5.000000
Nutt-2003-v1, 0.450000, 0.158114, 0.525000, 0.184466, 0.640000, 8.000000
Nutt-2003-v3, 0.900000, 0.210819, 0.950000, 0.158114, 1.000000, 4.000000
Nutt-2003-v3, 0.900000, 0.210819, 0.950000, 0.158114, 1.000000, 5.000000
Khan-2001_database, 0.971429, 0.060234, 0.971429, 0.060234, 0.956250, 4.000000
Garber-2001, 0.676667, 0.096928, 0.756667, 0.146608, 0.646154, 2.000000
Lapointe-2004-v1, 0.580000, 0.122927, 0.580000, 0.122927, 0.630769, 2.000000
Chen-2002, 0.930000, 0.072359, 0.917143, 0.061811, 0.885714, 6.000000
Nutt-2003-v1, 0.450000, 0.158114, 0.525000, 0.184466, 0.640000, 9.000000
Nutt-2003-v3, 0.900000, 0.210819, 0.950000, 0.158114, 1.000000, 6.000000
Nutt-2003-v3, 0.900000, 0.210819, 0.950000, 0.158114, 1.000000, 7.000000
Chen-2002, 0.930000, 0.072359, 0.917143, 0.061811, 0.885714, 7.000000
Golub-1999-v2, 0.966667, 0.070273, 0.933333, 0.086066, 0.992857, 5.000000
Nutt-2003-v1, 0.450000, 0.158114, 0.525000, 0.184466, 0.640000, 10.000000
Nutt-2003-v3, 0.900000, 0.210819, 0.950000, 0.158114, 1.000000, 8.000000
Lapointe-2004-v1, 0.580000, 0.122927, 0.576667, 0.137032, 0.661538, 3.000000
Chen-2002, 0.930000, 0.072359, 0.917143, 0.061811, 0.885714, 8.000000
Nutt-2003-v3, 0.900000, 0.210819, 0.950000, 0.158114, 1.000000, 9.000000
Khan-2001_database, 0.971429, 0.060234, 0.971429, 0.060234, 0.956250, 5.000000
Nutt-2003-v3, 0.900000, 0.210819, 0.950000, 0.158114, 1.000000, 10.000000
Chen-2002, 0.930000, 0.072359, 0.917143, 0.061811, 0.885714, 9.000000
Lapointe-2004-v1, 0.580000, 0.122927, 0.576667, 0.137032, 0.661538, 4.000000
Risinger-2003, 0.566667, 0.277222, 0.566667, 0.277222, 0.375000, 2.000000
Chen-2002, 0.930000, 0.072359, 0.917143, 0.061811, 0.885714, 10.000000
Golub-1999-v2, 0.946667, 0.086353, 0.946667, 0.086353, 0.992857, 6.000000
Bhattacharjee-2001, 0.908088, 0.043431, 0.908088, 0.043431, 0.825000, 6.000000
Garber-2001, 0.563333, 0.097436, 0.753333, 0.162693, 0.738462, 3.000000
Khan-2001_database, 0.971429, 0.060234, 0.971429, 0.060234, 0.956250, 6.000000
Risinger-2003, 0.541667, 0.193450, 0.541667, 0.249227, 0.325000, 3.000000
Pomeroy-2002-v2, 0.675000, 0.233895, 0.650000, 0.238307, 0.700000, 2.000000
Lapointe-2004-v1, 0.580000, 0.122927, 0.576667, 0.137032, 0.661538, 5.000000
Risinger-2003, 0.541667, 0.193450, 0.541667, 0.249227, 0.325000, 4.000000
Pomeroy-2002-v2, 0.650000, 0.244697, 0.625000, 0.216060, 0.700000, 3.000000
Golub-1999-v2, 0.966667, 0.070273, 0.933333, 0.086066, 0.992857, 7.000000
Pomeroy-2002-v2, 0.650000, 0.244697, 0.625000, 0.216060, 0.700000, 4.000000
Risinger-2003, 0.541667, 0.193450, 0.541667, 0.249227, 0.325000, 5.000000
Khan-2001_database, 0.971429, 0.060234, 0.971429, 0.060234, 0.956250, 7.000000
Lapointe-2004-v1, 0.580000, 0.122927, 0.576667, 0.137032, 0.661538, 6.000000
Pomeroy-2002-v2, 0.650000, 0.244697, 0.625000, 0.216060, 0.700000, 5.000000
Risinger-2003, 0.541667, 0.193450, 0.541667, 0.249227, 0.325000, 6.000000
Garber-2001, 0.626667, 0.215338, 0.666667, 0.205480, 0.638462, 4.000000
Pomeroy-2002-v2, 0.650000, 0.244697, 0.625000, 0.216060, 0.700000, 6.000000
Lapointe-2004-v1, 0.580000, 0.122927, 0.576667, 0.137032, 0.661538, 7.000000
Ramaswamy-2001_database, 0.565000, 0.090421, 0.558750, 0.070777, 0.657895, 2.000000
Golub-1999-v2, 0.946667, 0.086353, 0.946667, 0.086353, 0.992857, 8.000000
Risinger-2003, 0.541667, 0.193450, 0.541667, 0.249227, 0.325000, 7.000000
Khan-2001_database, 0.971429, 0.060234, 0.971429, 0.060234, 0.956250, 8.000000
Pomeroy-2002-v2, 0.650000, 0.244697, 0.625000, 0.216060, 0.700000, 7.000000
Bhattacharjee-2001, 0.908088, 0.043431, 0.908088, 0.043431, 0.825000, 7.000000
Risinger-2003, 0.541667, 0.193450, 0.541667, 0.249227, 0.325000, 8.000000
Lapointe-2004-v1, 0.580000, 0.122927, 0.576667, 0.137032, 0.661538, 8.000000
Pomeroy-2002-v2, 0.650000, 0.244697, 0.625000, 0.216060, 0.700000, 8.000000
Risinger-2003, 0.541667, 0.193450, 0.541667, 0.249227, 0.325000, 9.000000
Golub-1999-v2, 0.966667, 0.070273, 0.933333, 0.086066, 0.992857, 9.000000
Khan-2001_database, 0.971429, 0.060234, 0.971429, 0.060234, 0.956250, 9.000000
Pomeroy-2002-v2, 0.650000, 0.244697, 0.625000, 0.216060, 0.700000, 9.000000
Risinger-2003, 0.541667, 0.193450, 0.541667, 0.249227, 0.325000, 10.000000
Lapointe-2004-v1, 0.580000, 0.122927, 0.576667, 0.137032, 0.661538, 9.000000
Garber-2001, 0.633333, 0.157135, 0.730000, 0.174589, 0.638462, 5.000000
Pomeroy-2002-v2, 0.650000, 0.244697, 0.625000, 0.216060, 0.700000, 10.000000
West-2001, 0.825000, 0.168737, 0.750000, 0.235702, 0.522222, 2.000000
Khan-2001_database, 0.971429, 0.060234, 0.971429, 0.060234, 0.956250, 10.000000
Golub-1999-v2, 0.946667, 0.086353, 0.946667, 0.086353, 0.992857, 10.000000
Lapointe-2004-v1, 0.580000, 0.122927, 0.576667, 0.137032, 0.661538, 10.000000
West-2001, 0.875000, 0.176777, 0.725000, 0.218899, 0.611111, 3.000000
Laiho-2007_database, 0.200000, 0.172133, 0.733333, 0.210819, 0.671429, 2.000000
Bhattacharjee-2001, 0.908088, 0.043431, 0.908088, 0.043431, 0.825000, 8.000000
Golub-1999-v1, 0.926667, 0.095323, 0.916667, 0.141639, 0.900000, 2.000000
West-2001, 0.825000, 0.168737, 0.725000, 0.141912, 0.511111, 4.000000
Ramaswamy-2001_database, 0.612917, 0.127149, 0.619583, 0.131938, 0.668421, 3.000000
Garber-2001, 0.626667, 0.215338, 0.666667, 0.205480, 0.638462, 6.000000
Laiho-2007_database, 0.200000, 0.172133, 0.666667, 0.272166, 0.614286, 3.000000
West-2001, 0.825000, 0.168737, 0.725000, 0.141912, 0.511111, 5.000000
Laiho-2007_database, 0.200000, 0.172133, 0.666667, 0.272166, 0.614286, 4.000000
Gordon-2002, 0.828571, 0.030117, 0.938571, 0.074534, 0.933333, 2.000000
Golub-1999-v1, 0.916667, 0.117851, 0.846667, 0.184056, 0.928571, 3.000000
West-2001, 0.825000, 0.168737, 0.725000, 0.141912, 0.511111, 6.000000
Laiho-2007_database, 0.200000, 0.172133, 0.666667, 0.272166, 0.614286, 5.000000
West-2001, 0.825000, 0.168737, 0.725000, 0.141912, 0.511111, 7.000000
Garber-2001, 0.633333, 0.157135, 0.730000, 0.174589, 0.638462, 7.000000
Laiho-2007_database, 0.200000, 0.172133, 0.666667, 0.272166, 0.614286, 6.000000
Bhattacharjee-2001, 0.908088, 0.043431, 0.908088, 0.043431, 0.825000, 9.000000
Golub-1999-v1, 0.950000, 0.112491, 0.900000, 0.140546, 0.907143, 4.000000
West-2001, 0.825000, 0.168737, 0.725000, 0.141912, 0.511111, 8.000000
Laiho-2007_database, 0.200000, 0.172133, 0.666667, 0.272166, 0.614286, 7.000000
Yeoh-2002-v1, 0.834211, 0.047222, 0.879474, 0.053556, 0.885714, 2.000000
Gordon-2002, 0.828571, 0.030117, 0.917143, 0.062982, 0.944444, 3.000000
West-2001, 0.825000, 0.168737, 0.725000, 0.141912, 0.511111, 9.000000
Laiho-2007_database, 0.200000, 0.172133, 0.666667, 0.272166, 0.614286, 8.000000
Golub-1999-v1, 0.916667, 0.117851, 0.883333, 0.176558, 0.935714, 5.000000
Ramaswamy-2001_database, 0.612917, 0.127149, 0.619583, 0.131938, 0.668421, 4.000000
Garber-2001, 0.626667, 0.215338, 0.666667, 0.205480, 0.638462, 8.000000
West-2001, 0.825000, 0.168737, 0.725000, 0.141912, 0.511111, 10.000000
Laiho-2007_database, 0.200000, 0.172133, 0.666667, 0.272166, 0.614286, 9.000000
Golub-1999-v1, 0.933333, 0.116534, 0.866667, 0.131468, 0.957143, 6.000000
Laiho-2007_database, 0.200000, 0.172133, 0.666667, 0.272166, 0.614286, 10.000000
Bhattacharjee-2001, 0.908088, 0.043431, 0.908088, 0.043431, 0.825000, 10.000000
Gordon-2002, 0.828571, 0.030117, 0.917143, 0.062982, 0.944444, 4.000000
Liang-2005, 0.166667, 0.175682, 0.833333, 0.175682, 0.600000, 2.000000
Golub-1999-v1, 0.880000, 0.114612, 0.933333, 0.086066, 0.964286, 7.000000
Liang-2005, 0.166667, 0.175682, 0.833333, 0.175682, 0.600000, 3.000000
Garber-2001, 0.633333, 0.157135, 0.730000, 0.174589, 0.638462, 9.000000
Liang-2005, 0.166667, 0.175682, 0.833333, 0.175682, 0.600000, 4.000000
Tomlins-2006-v1, 0.775000, 0.132378, 0.761111, 0.182480, 0.820000, 2.000000
Golub-1999-v1, 0.883333, 0.137212, 0.966667, 0.070273, 0.964286, 8.000000
Liang-2005, 0.166667, 0.175682, 0.833333, 0.175682, 0.600000, 5.000000
Ramaswamy-2001_database, 0.612917, 0.127149, 0.619583, 0.131938, 0.668421, 5.000000
Gordon-2002, 0.828571, 0.030117, 0.917143, 0.062982, 0.944444, 5.000000
Liang-2005, 0.166667, 0.175682, 0.833333, 0.175682, 0.600000, 6.000000
Yeoh-2002-v1, 0.844211, 0.059840, 0.894737, 0.068286, 0.895918, 3.000000
Garber-2001, 0.626667, 0.215338, 0.666667, 0.205480, 0.638462, 10.000000
Liang-2005, 0.166667, 0.175682, 0.833333, 0.175682, 0.600000, 7.000000
Golub-1999-v1, 0.883333, 0.137212, 0.966667, 0.070273, 0.964286, 9.000000
Dyrskjot-2003, 0.750000, 0.180021, 0.683333, 0.253981, 0.625000, 2.000000
Liang-2005, 0.166667, 0.175682, 0.833333, 0.175682, 0.600000, 8.000000
Tomlins-2006-v1, 0.738889, 0.144753, 0.718056, 0.173107, 0.790000, 3.000000
Dyrskjot-2003, 0.816667, 0.224983, 0.641667, 0.248607, 0.487500, 3.000000
Liang-2005, 0.166667, 0.175682, 0.833333, 0.175682, 0.600000, 9.000000
Golub-1999-v1, 0.883333, 0.137212, 0.966667, 0.070273, 0.964286, 10.000000
Dyrskjot-2003, 0.816667, 0.224983, 0.641667, 0.248607, 0.487500, 4.000000
Liang-2005, 0.166667, 0.175682, 0.833333, 0.175682, 0.600000, 10.000000
Gordon-2002, 0.828571, 0.030117, 0.917143, 0.062982, 0.944444, 6.000000
Dyrskjot-2003, 0.816667, 0.224983, 0.641667, 0.248607, 0.487500, 5.000000
Shipp-2002-v1, 0.759524, 0.079721, 0.759524, 0.079721, 0.753333, 2.000000
Yeoh-2002-v2, 0.632632, 0.145213, 0.652632, 0.155538, 0.748980, 2.000000
Dyrskjot-2003, 0.816667, 0.224983, 0.641667, 0.248607, 0.487500, 6.000000
Shipp-2002-v1, 0.759524, 0.079721, 0.759524, 0.079721, 0.753333, 3.000000
Dyrskjot-2003, 0.816667, 0.224983, 0.641667, 0.248607, 0.487500, 7.000000
Ramaswamy-2001_database, 0.612917, 0.127149, 0.619583, 0.131938, 0.668421, 6.000000
Tomlins-2006-v1, 0.738889, 0.144753, 0.718056, 0.173107, 0.790000, 4.000000
Shipp-2002-v1, 0.759524, 0.079721, 0.759524, 0.079721, 0.753333, 4.000000
Dyrskjot-2003, 0.816667, 0.224983, 0.641667, 0.248607, 0.487500, 8.000000
Lapointe-2004-v2, 0.651389, 0.138030, 0.662500, 0.161713, 0.654545, 2.000000
Shipp-2002-v1, 0.759524, 0.079721, 0.759524, 0.079721, 0.753333, 5.000000
Dyrskjot-2003, 0.816667, 0.224983, 0.641667, 0.248607, 0.487500, 9.000000
Gordon-2002, 0.828571, 0.030117, 0.917143, 0.062982, 0.944444, 7.000000
Dyrskjot-2003, 0.816667, 0.224983, 0.641667, 0.248607, 0.487500, 10.000000
Shipp-2002-v1, 0.759524, 0.079721, 0.759524, 0.079721, 0.753333, 6.000000
Yeoh-2002-v1, 0.824211, 0.025628, 0.859211, 0.056974, 0.869388, 4.000000
Shipp-2002-v1, 0.759524, 0.079721, 0.759524, 0.079721, 0.753333, 7.000000
Tomlins-2006-v1, 0.738889, 0.144753, 0.718056, 0.173107, 0.790000, 5.000000
Lapointe-2004-v2, 0.627778, 0.122278, 0.638889, 0.120014, 0.636364, 3.000000
Shipp-2002-v1, 0.759524, 0.079721, 0.759524, 0.079721, 0.753333, 8.000000
Shipp-2002-v1, 0.759524, 0.079721, 0.759524, 0.079721, 0.753333, 9.000000
Gordon-2002, 0.828571, 0.030117, 0.917143, 0.062982, 0.944444, 8.000000
Ramaswamy-2001_database, 0.612917, 0.127149, 0.619583, 0.131938, 0.668421, 7.000000
Shipp-2002-v1, 0.759524, 0.079721, 0.759524, 0.079721, 0.753333, 10.000000
Lapointe-2004-v2, 0.683333, 0.122278, 0.683333, 0.133024, 0.627273, 4.000000
Tomlins-2006-v1, 0.738889, 0.144753, 0.718056, 0.173107, 0.790000, 6.000000
Su-2001, 0.821429, 0.060703, 0.821429, 0.060703, 0.797059, 2.000000
Yeoh-2002-v2, 0.679211, 0.087160, 0.674211, 0.084026, 0.730612, 3.000000
Gordon-2002, 0.828571, 0.030117, 0.917143, 0.062982, 0.944444, 9.000000
Lapointe-2004-v2, 0.706944, 0.137407, 0.672222, 0.105409, 0.659091, 5.000000
Tomlins-2006-v1, 0.738889, 0.144753, 0.718056, 0.173107, 0.790000, 7.000000
Yeoh-2002-v1, 0.824211, 0.025628, 0.889211, 0.052374, 0.883673, 5.000000
Ramaswamy-2001_database, 0.612917, 0.127149, 0.619583, 0.131938, 0.668421, 8.000000
Lapointe-2004-v2, 0.627778, 0.122278, 0.638889, 0.120014, 0.636364, 6.000000
Gordon-2002, 0.828571, 0.030117, 0.917143, 0.062982, 0.944444, 10.000000
Tomlins-2006-v1, 0.738889, 0.144753, 0.718056, 0.173107, 0.790000, 8.000000
Singh-2002, 0.772222, 0.165142, 0.794444, 0.126585, 0.770000, 2.000000
Su-2001, 0.785714, 0.082479, 0.814286, 0.060234, 0.782353, 3.000000
Singh-2002, 0.795833, 0.180976, 0.783333, 0.165402, 0.755000, 3.000000
Singh-2002, 0.795833, 0.180976, 0.783333, 0.165402, 0.755000, 4.000000
Lapointe-2004-v2, 0.683333, 0.122278, 0.683333, 0.133024, 0.627273, 7.000000
Singh-2002, 0.795833, 0.180976, 0.783333, 0.165402, 0.755000, 5.000000
Tomlins-2006-v1, 0.738889, 0.144753, 0.718056, 0.173107, 0.790000, 9.000000
Singh-2002, 0.795833, 0.180976, 0.783333, 0.165402, 0.755000, 6.000000
Ramaswamy-2001_database, 0.612917, 0.127149, 0.619583, 0.131938, 0.668421, 9.000000
Singh-2002, 0.795833, 0.180976, 0.783333, 0.165402, 0.755000, 7.000000
Lapointe-2004-v2, 0.706944, 0.137407, 0.672222, 0.105409, 0.659091, 8.000000
Yeoh-2002-v1, 0.824211, 0.025628, 0.869211, 0.075551, 0.881633, 6.000000
Yeoh-2002-v2, 0.679211, 0.087160, 0.674211, 0.084026, 0.730612, 4.000000
Singh-2002, 0.795833, 0.180976, 0.783333, 0.165402, 0.755000, 8.000000
Singh-2002, 0.795833, 0.180976, 0.783333, 0.165402, 0.755000, 9.000000
Tomlins-2006-v1, 0.738889, 0.144753, 0.718056, 0.173107, 0.790000, 10.000000
Singh-2002, 0.795833, 0.180976, 0.783333, 0.165402, 0.755000, 10.000000
Su-2001, 0.814286, 0.076783, 0.821429, 0.077152, 0.800000, 4.000000
Lapointe-2004-v2, 0.627778, 0.122278, 0.638889, 0.120014, 0.636364, 9.000000
Ramaswamy-2001_database, 0.612917, 0.127149, 0.619583, 0.131938, 0.668421, 10.000000
Lapointe-2004-v2, 0.683333, 0.122278, 0.683333, 0.133024, 0.627273, 10.000000
Tomlins-2006-v2, 0.592857, 0.129538, 0.566071, 0.108474, 0.727778, 2.000000
Yeoh-2002-v1, 0.859211, 0.077613, 0.899211, 0.075163, 0.879592, 7.000000
Su-2001, 0.785714, 0.082479, 0.814286, 0.060234, 0.782353, 5.000000
Tomlins-2006-v2, 0.635714, 0.107209, 0.648214, 0.152234, 0.711111, 3.000000
Yeoh-2002-v2, 0.679211, 0.087160, 0.674211, 0.084026, 0.730612, 5.000000
Tomlins-2006-v2, 0.635714, 0.107209, 0.648214, 0.152234, 0.711111, 4.000000
Tomlins-2006-v2, 0.635714, 0.107209, 0.648214, 0.152234, 0.711111, 5.000000
Su-2001, 0.814286, 0.076783, 0.821429, 0.077152, 0.800000, 6.000000
Tomlins-2006-v2, 0.635714, 0.107209, 0.648214, 0.152234, 0.711111, 6.000000
Yeoh-2002-v1, 0.839211, 0.061372, 0.879474, 0.088703, 0.877551, 8.000000
Tomlins-2006-v2, 0.635714, 0.107209, 0.648214, 0.152234, 0.711111, 7.000000
Tomlins-2006-v2, 0.635714, 0.107209, 0.648214, 0.152234, 0.711111, 8.000000
Yeoh-2002-v2, 0.679211, 0.087160, 0.674211, 0.084026, 0.730612, 6.000000
Su-2001, 0.785714, 0.082479, 0.814286, 0.060234, 0.782353, 7.000000
Tomlins-2006-v2, 0.635714, 0.107209, 0.648214, 0.152234, 0.711111, 9.000000
Yeoh-2002-v1, 0.834211, 0.047222, 0.859737, 0.077124, 0.861224, 9.000000
Tomlins-2006-v2, 0.635714, 0.107209, 0.648214, 0.152234, 0.711111, 10.000000
Su-2001, 0.814286, 0.076783, 0.821429, 0.077152, 0.800000, 8.000000
Yeoh-2002-v2, 0.679211, 0.087160, 0.674211, 0.084026, 0.730612, 7.000000
Yeoh-2002-v1, 0.834211, 0.047222, 0.794474, 0.215037, 0.804082, 10.000000
Su-2001, 0.785714, 0.082479, 0.814286, 0.060234, 0.782353, 9.000000
Su-2001, 0.814286, 0.076783, 0.821429, 0.077152, 0.800000, 10.000000
Yeoh-2002-v2, 0.679211, 0.087160, 0.674211, 0.084026, 0.730612, 8.000000
Yeoh-2002-v2, 0.679211, 0.087160, 0.674211, 0.084026, 0.730612, 9.000000
Yeoh-2002-v2, 0.679211, 0.087160, 0.674211, 0.084026, 0.730612, 10.000000
